source,target,edge_type,weight
channel:UCsooa4yRKGN_zEE8iknghZA,video:dItUGF8GdTw,published,1.0
channel:UCr3cBLTYmIK9kY0F_OdFWFQ,video:qMrnVkDH2Ak,published,1.0
channel:UCsooa4yRKGN_zEE8iknghZA,video:vNDYUlxNIAA,published,1.0
channel:UCsT0YIqwnpJCM-mx7-gSA4Q,video:Bry8J78Awq0,published,1.0
channel:UCDYT9mM3L_ByrPYMyl0MGGg,video:NHjgKe7JMNE,published,1.0
channel:UCpvhlSLzg2LT89FNUuN-Sig,video:Cum3k-Wglfw,published,1.0
channel:UCsT0YIqwnpJCM-mx7-gSA4Q,video:pvWzQ1MmSns,published,1.0
channel:UCAuUUnT6oDeKwE6v1NGQxug,video:3lPnN8omdPA,published,1.0
channel:UCsT0YIqwnpJCM-mx7-gSA4Q,video:m8WomdCLBqE,published,1.0
channel:UCAuUUnT6oDeKwE6v1NGQxug,video:ZkXrTHpnQrQ,published,1.0
channel:UCIdMuFFD42OKezEDsxzYqcA,video:HnJ1bqXUnIM,published,1.0
channel:UCo9QgwWCNEhDxL1gH-jxa8Q,video:x0vUsxhMczI,published,1.0
channel:UCa9ugMV3Dq0ev_H1N0spQSQ,video:XFLcHOA-Q0g,published,1.0
channel:UCpyvWfo9diMIMi_wX5LUbSQ,video:shNDOQxNvYk,published,1.0
channel:UCv1V80afSeqIRQHH0v5mOMw,video:t62FZR5baZ4,published,1.0
channel:UCd_XOjIb81hCJyWux1pn4Mg,video:rn_7aJP5BTw,published,1.0
channel:UCy8LEbkFDPMOBx_78JhRcBw,video:wq5o1CCeXQw,published,1.0
channel:UCvf3duzvoSMzVLtqLE12jSQ,video:JOFrjc6u47U,published,1.0
channel:UCO5QSoES5yn2Dw7YixDYT5Q,video:ETQwiYQYoSg,published,1.0
channel:UCB9YSi17SOPOSYf7J-22zVA,video:M5Ul29QtZl4,published,1.0
channel:UCsT0YIqwnpJCM-mx7-gSA4Q,video:0hoE8mtUS1E,published,1.0
channel:UC6g61Cqdkk3zQGXH6EPVgAQ,video:5i__NqoAI7Y,published,1.0
channel:UCv44qVWUB-Xz-C3IMWKhatg,video:LqelpONZvpw,published,1.0
channel:UCeYUHG6o0YguM-g23htdsSw,video:-eEBuqwY-nE,published,1.0
channel:UC6zbKG1pqq2do-_oa9QFliA,video:kpFfde3rNFs,published,1.0
channel:UCmiIlSHKC2BkWNqE3MMm45w,video:J0yEAE5owWw,published,1.0
channel:UC1v49A8-55_h-Re9RRWjyWA,video:5cDl0I3zusk,published,1.0
channel:UCJdKr0Bgd_5saZYqLCa9mng,video:lsarAAg8IRc,published,1.0
channel:UCw201f0cCR52IQQQzzucPig,video:RyAsI0LmQxc,published,1.0
channel:UCbFTvuJ_ePmUQZZnMkbyR8Q,video:OIIJvqTHHrU,published,1.0
channel:UChrGS-_x3jikLYCFKldcRcw,video:z-F7mZ8A3Vs,published,1.0
channel:UCafEZMU5s8geb9oIly6xTrg,video:6TNQnE2GVDI,published,1.0
channel:UCPqwspsmjhZnwuee3SiYzAg,video:-FxVjgbV2rQ,published,1.0
channel:UCc_xdkOBgSYLmXTn-VSQ4uA,video:6OLPL5p0fMg,published,1.0
channel:UCSm6LfBZ-jOghQ_UEM6fzOA,video:QVwTVM1Iv1c,published,1.0
channel:UCk3u_P1wYZbbQkzj_OP0_wg,video:cuQ2LMld1Dg,published,1.0
channel:UC-tLyAaPbRZiYrOJxAGB7dQ,video:gxglts0Sw5I,published,1.0
channel:UCKoxe9WPWQso-vIdZCzeMug,video:5AFZgnxXK24,published,1.0
channel:UC-jY3cVMchevuydjrJHnj1Q,video:tOFPtiM48qg,published,1.0
channel:UCmYesELO6axBrCuSpf7S9DQ,video:cHbQdS2sY0c,published,1.0
channel:UCeYUHG6o0YguM-g23htdsSw,video:m2eINI4WXkc,published,1.0
channel:UClHVl2N3jPEbkNJVx-ItQIQ,video:zhDKyJM59TQ,published,1.0
channel:UCoO1dS6Eml7VwK8eIc64Lwg,video:xppCGRZ1Rvc,published,1.0
channel:UC6ljfWeohdemZbQqs2UmLzA,video:iOGvwPmKOqQ,published,1.0
channel:UC4QBHK32zckCVflVnA900Jw,video:ntPzlY0A1P8,published,1.0
channel:UCpBRZ6j0oAkjyd3FLr4yPtA,video:jAiba2Di260,published,1.0
channel:UC6iOzmjzne02G018D-tUjDA,video:otOmBj5PASE,published,1.0
channel:UCVEbUWk96dmaDFwenptsx5Q,video:eJnvehWcrhY,published,1.0
channel:UC_keKSGNMdbEQ4DrfL1mrfA,video:RyqFD5OAJ40,published,1.0
video:dItUGF8GdTw,video:vNDYUlxNIAA,same_channel,1.0
video:dItUGF8GdTw,video:dItUGF8GdTw,same_channel,1.0
video:qMrnVkDH2Ak,video:qMrnVkDH2Ak,same_channel,1.0
video:Bry8J78Awq0,video:pvWzQ1MmSns,same_channel,1.0
video:Bry8J78Awq0,video:m8WomdCLBqE,same_channel,1.0
video:Bry8J78Awq0,video:Bry8J78Awq0,same_channel,1.0
video:Bry8J78Awq0,video:0hoE8mtUS1E,same_channel,1.0
video:Cum3k-Wglfw,video:Cum3k-Wglfw,same_channel,1.0
video:3lPnN8omdPA,video:ZkXrTHpnQrQ,same_channel,1.0
video:3lPnN8omdPA,video:3lPnN8omdPA,same_channel,1.0
video:-eEBuqwY-nE,video:m2eINI4WXkc,same_channel,1.0
