channelId,title,customUrl,publishedAt,country,subscriberCount,viewCount,videoCount
UCr3cBLTYmIK9kY0F_OdFWFQ,Casually Explained,@casuallyexplained,2015-12-07T22:39:35Z,CA,4190000,524400407,107
UC_keKSGNMdbEQ4DrfL1mrfA,Academic English UK,@academicenglishuk,2012-05-13T19:52:50Z,GB,22100,1227673,132
UCpBRZ6j0oAkjyd3FLr4yPtA,GYRUS SULCUS,@gyrussulcus1908,2016-09-11T03:44:03Z,IN,1330000,357095885,401
UC6iOzmjzne02G018D-tUjDA,Star Tutorials,@startutorialstm,2024-06-25T12:13:19.577049Z,US,9840,308236,7
UCVEbUWk96dmaDFwenptsx5Q,Fayetteville State University,@fayettevillestateuniversitync,2009-05-05T19:23:34Z,,9850,3723317,421
UCafEZMU5s8geb9oIly6xTrg,Robin Waldun,@rcwaldun,2017-03-06T10:20:25Z,,410000,18498707,287
UCSm6LfBZ-jOghQ_UEM6fzOA,HRDQ-U,@hrdqu,2014-05-30T18:40:11Z,US,1980,179352,114
UCpyvWfo9diMIMi_wX5LUbSQ,The Foundation for Critical Thinking,@criticalthinkingorg,2008-04-15T17:50:41Z,,19700,1670667,217
UC6zbKG1pqq2do-_oa9QFliA,Critical Thinking - Bug Bounty Podcast,@criticalthinkingpodcast,2022-12-07T18:43:45.646809Z,,25100,1194921,451
UCd_XOjIb81hCJyWux1pn4Mg,Psychlopaedia.org,@psychlopaediaorg,2017-01-20T01:35:30Z,AU,66100,5968007,8
UCpvhlSLzg2LT89FNUuN-Sig,Wireless Philosophy,@wirelessphilosophy,2013-04-16T12:51:08Z,US,364000,29046435,223
UC6g61Cqdkk3zQGXH6EPVgAQ,Shae,@iamshaeo,2024-05-07T06:48:35.707671Z,,23800,706968,714
UCvf3duzvoSMzVLtqLE12jSQ,Phil McKinney,@philmckinney,2006-03-26T07:06:30Z,US,10900,451834,250
UCIdMuFFD42OKezEDsxzYqcA,Macat,@macatedu,2015-03-23T09:54:47Z,,96000,5990744,32
UCoO1dS6Eml7VwK8eIc64Lwg,The Kitab Official,@thekitabofficial,2024-01-01T12:13:03.358611Z,,73900,20621577,703
UCv1V80afSeqIRQHH0v5mOMw,Focused Felix,@focused_felix,2022-07-12T23:13:16.265369Z,US,145,30919,21
UCO5QSoES5yn2Dw7YixDYT5Q,Aperture,@aperturethinking,2017-07-01T03:31:54Z,US,2520000,225088567,558
UCAuUUnT6oDeKwE6v1NGQxug,TED,@ted,2006-12-06T23:27:08Z,US,27300000,3125244008,5561
UCsooa4yRKGN_zEE8iknghZA,TED-Ed,@teded,2011-03-01T20:33:10Z,US,22500000,4564917292,2338
UC1v49A8-55_h-Re9RRWjyWA,Allan Di Donato,@allandidonato,2012-10-28T03:05:47Z,,5820,389251,157
UCmiIlSHKC2BkWNqE3MMm45w,Center for Innovation in Legal Education,@centerforinnovationinlegal3204,2012-03-01T03:45:50Z,US,52800,6931646,170
UCw201f0cCR52IQQQzzucPig,Odyssey of History,@odysseyofhistory,2024-01-29T15:02:15.714414Z,US,551,129970,78
UChrGS-_x3jikLYCFKldcRcw,Nick Sadler,@nicksadlerofficial,2018-11-01T20:05:54Z,,6610,1118415,417
UC4QBHK32zckCVflVnA900Jw,Stephen Petro,@stephenpetro411,2020-03-25T14:11:05.586073Z,,98300,7437102,1023
UCk3u_P1wYZbbQkzj_OP0_wg,Indeed,@indeed,2009-03-03T18:48:29Z,US,994000,326981147,1852
UCeYUHG6o0YguM-g23htdsSw,LearnFree,@learnfree_skills,2007-02-27T15:22:42Z,,1220000,244797613,1464
UCJdKr0Bgd_5saZYqLCa9mng,The Rubin Report,@rubinreport,2012-09-05T20:31:20Z,US,3190000,2561750138,10137
UCbFTvuJ_ePmUQZZnMkbyR8Q,Tawny Platis,@thetawnyplatis,2017-04-22T13:12:18Z,US,484000,186318476,834
UC-jY3cVMchevuydjrJHnj1Q,Elite Audiobooks,@elite_audiobooks,2025-02-20T11:36:28.722241Z,US,102000,4628302,142
UCmYesELO6axBrCuSpf7S9DQ,Mr. Beat,@iammrbeat,2009-08-24T17:25:02Z,US,1370000,365974587,911
UCv44qVWUB-Xz-C3IMWKhatg,Simply Resilient Me,@simplyresilientme,2023-05-05T20:11:00.023751Z,US,31800,1253663,123
UCc_xdkOBgSYLmXTn-VSQ4uA,QualiaSoup (archive),@qualiasoup,2008-03-22T12:17:15Z,,151000,4564731,12
UClHVl2N3jPEbkNJVx-ItQIQ,HealthyGamerGG,@healthygamergg,2019-01-17T14:13:32Z,US,3250000,767678048,2649
UCPqwspsmjhZnwuee3SiYzAg,meg,@normalgirlmakesclothes,2016-07-14T21:59:59Z,,25200,1076691,60
UCa9ugMV3Dq0ev_H1N0spQSQ,Grow To The Top,@growtothetop,2022-04-24T14:13:02.530297Z,IT,146000,5146638,454
UCB9YSi17SOPOSYf7J-22zVA,Inspiration Keeper,@inspirationkeeper,2023-05-02T03:12:15.946403Z,US,77,24657,19
UCo9QgwWCNEhDxL1gH-jxa8Q,Bite-sized Philosophy,@bitesizedphilosophy,2017-03-02T15:09:43Z,,531000,141723268,317
UCsT0YIqwnpJCM-mx7-gSA4Q,TEDx Talks,@tedx,2009-06-23T16:00:48Z,,44200000,8851975953,257114
UCKoxe9WPWQso-vIdZCzeMug,Dalia Shkedy,@daliashkedy,2014-02-13T04:39:43Z,,13300,9694136,1263
UC6ljfWeohdemZbQqs2UmLzA,Snap Language,@snaplanguage,2014-05-02T20:40:51Z,US,72800,5132866,89
UCy8LEbkFDPMOBx_78JhRcBw,Kira Kosarin,@kirakosarin,2010-02-06T00:57:37Z,US,1330000,210478302,419
UC-tLyAaPbRZiYrOJxAGB7dQ,Pursuit of Wonder,@pursuitofwonder,2017-02-13T01:44:19Z,,3410000,240051021,313
